{
  "project_info": {
    "project_number": "453021995568",
    "firebase_url": "https://gitkapandroid.firebaseio.com",
    "project_id": "gitkapandroid",
    "storage_bucket": "gitkapandroid.appspot.com"
  },
  "client": [
    {
      "client_info": {
        "mobilesdk_app_id": "1:453021995568:android:b502cc89f0a9e6e08f93f5",
        "android_client_info": {
          "package_name": "io.instamobile.realestate.rn.android"
        }
      },
      "oauth_client": [
        {
          "client_id": "453021995568-se3f1espftuaug0do05el0llpefhdk7h.apps.googleusercontent.com",
          "client_type": 3
        }
      ],
      "api_key": [
        {
          "current_key": "AIzaSyAh9UnhiIn2GY9U9MajmYWcij_BnL33pdc"
        }
      ],
      "services": {
        "appinvite_service": {
          "other_platform_oauth_client": [
            {
              "client_id": "453021995568-se3f1espftuaug0do05el0llpefhdk7h.apps.googleusercontent.com",
              "client_type": 3
            }
          ]
        }
      }
    }
  ],
  "configuration_version": "1"
}